[{"model": "core.option", "pk": 1, "fields": {"created": "2016-06-22T18:56:03.775Z", "modified": "2016-06-22T18:56:03.775Z", "uuid": "rFtTuE85QtS5ht-mRyikBw", "name": "Property 1"}}, {"model": "core.option", "pk": 2, "fields": {"created": "2016-06-22T18:56:06.460Z", "modified": "2016-06-22T18:56:06.460Z", "uuid": "wP-Teq1iQ4aSO-Lv5RV_Bw", "name": "Property 2"}}, {"model": "core.option", "pk": 4, "fields": {"created": "2016-06-22T18:56:21.155Z", "modified": "2016-06-22T18:56:21.155Z", "uuid": "3k4q2QqZRkmmhZyuiGUmaQ", "name": "Property 3"}}, {"model": "core.option", "pk": 5, "fields": {"created": "2016-06-23T20:59:58.115Z", "modified": "2016-06-26T01:28:03.303Z", "uuid": "mKUF3jfWRkWZE2OmZX6_dw", "name": "Property 4"}}, {"model": "core.criterion", "pk": 7, "fields": {"created": "2016-06-23T23:07:33.219Z", "modified": "2016-06-25T14:29:57.593Z", "uuid": "zsq4f1reRoi5qWehsuCkjA", "category": 8, "name": "Quality of road access", "order_num": 0}}, {"model": "core.criterion", "pk": 8, "fields": {"created": "2016-06-23T23:07:37.506Z", "modified": "2016-06-25T14:30:23.606Z", "uuid": "YLtjJRqVQLu5j6U2N7SN0w", "category": 8, "name": "Facilities for parking", "order_num": 0}}, {"model": "core.criterion", "pk": 9, "fields": {"created": "2016-06-23T23:07:45.601Z", "modified": "2016-06-25T14:31:02.280Z", "uuid": "QpI4gPJLR86BkZSAiSw8LA", "category": 8, "name": "Proximity to public transport", "order_num": 0}}, {"model": "core.criterion", "pk": 10, "fields": {"created": "2016-06-23T23:08:02.370Z", "modified": "2016-06-25T14:34:40.034Z", "uuid": "bshgeMvsQjeyAvNtsSg1TQ", "category": 6, "name": "Can get planning permission for 300m2", "order_num": 0}}, {"model": "core.criterion", "pk": 11, "fields": {"created": "2016-06-23T23:08:07.480Z", "modified": "2016-06-25T14:35:05.618Z", "uuid": "qTOIbESCSIOiX1BLuZ9I7w", "category": 6, "name": "Authorities have processes in place for outsiders", "order_num": 0}}, {"model": "core.criterion", "pk": 12, "fields": {"created": "2016-06-23T23:08:18.873Z", "modified": "2016-06-25T15:21:27.420Z", "uuid": "5-lYwKUUQi-5QK1dogmwIg", "category": 7, "name": "Power present onsite", "order_num": 0}}, {"model": "core.criterion", "pk": 13, "fields": {"created": "2016-06-23T23:08:23.463Z", "modified": "2016-06-25T15:21:29.598Z", "uuid": "b02yU4SMSiSvjEaADifpFw", "category": 7, "name": "Water present onsite", "order_num": 0}}, {"model": "core.criterion", "pk": 14, "fields": {"created": "2016-06-23T23:08:26.792Z", "modified": "2016-06-25T15:21:26.391Z", "uuid": "DvDKwPhGSRaA1mOLcf23jg", "category": 7, "name": "Internet present onsite", "order_num": 0}}, {"model": "core.criterion", "pk": 15, "fields": {"created": "2016-06-23T23:08:32.208Z", "modified": "2016-06-25T15:21:28.460Z", "uuid": "Ish0ODE1S9CN0uPnE2r--g", "category": 7, "name": "Sewerage present onsite", "order_num": 0}}, {"model": "core.criterion", "pk": 16, "fields": {"created": "2016-06-23T23:08:37.182Z", "modified": "2016-06-25T15:21:25.003Z", "uuid": "WWp8t-eWTeGeKrRpm-_kLw", "category": 7, "name": "Gas present onsite", "order_num": 0}}, {"model": "core.criterion", "pk": 17, "fields": {"created": "2016-06-23T23:08:53.039Z", "modified": "2016-06-25T14:35:31.143Z", "uuid": "EEvQhhWORdqWRg7e1epn1w", "category": 9, "name": "Has level & dry area of land (200-400m2)", "order_num": 0}}, {"model": "core.criterion", "pk": 18, "fields": {"created": "2016-06-23T23:08:58.551Z", "modified": "2016-06-23T23:08:58.551Z", "uuid": "ri_butKzS_yuEQe0Gj80PQ", "category": 9, "name": "Lower area for septic tank", "order_num": 0}}, {"model": "core.criterion", "pk": 19, "fields": {"created": "2016-06-23T23:09:03.800Z", "modified": "2016-06-25T14:35:53.721Z", "uuid": "86MEOeO3Scufo6iwwanyfg", "category": 9, "name": "Additional level space for outbuildings", "order_num": 0}}, {"model": "core.criterion", "pk": 20, "fields": {"created": "2016-06-23T23:09:12.751Z", "modified": "2016-06-23T23:09:12.751Z", "uuid": "CjakqvCiSpm34CKD6msPAA", "category": 9, "name": "Construction materials on land", "order_num": 0}}, {"model": "core.criterion", "pk": 21, "fields": {"created": "2016-06-23T23:09:17.927Z", "modified": "2016-06-23T23:09:17.927Z", "uuid": "P3B_swwvQLSD_G7OSoeBdw", "category": 9, "name": "Access for heavy machinery", "order_num": 0}}, {"model": "core.criterion", "pk": 22, "fields": {"created": "2016-06-23T23:09:32.462Z", "modified": "2016-06-25T15:10:32.645Z", "uuid": "P5QzMSq0SCKVGqBOViqPow", "category": 10, "name": "Semi-level access from road to house", "order_num": 0}}, {"model": "core.criterion", "pk": 23, "fields": {"created": "2016-06-23T23:09:36.389Z", "modified": "2016-06-25T15:10:36.342Z", "uuid": "mw1X4lRTTNWwsv02P8OJPA", "category": 10, "name": "Semi-level level for majority of property", "order_num": 0}}, {"model": "core.criterion", "pk": 25, "fields": {"created": "2016-06-23T23:09:56.846Z", "modified": "2016-06-25T23:07:54.506Z", "uuid": "yttf4GstQgeU9r1dOZGeZw", "category": 11, "name": "Visual privacy from neighbours (5 = non visible)", "order_num": 1}}, {"model": "core.criterion", "pk": 26, "fields": {"created": "2016-06-23T23:10:01.910Z", "modified": "2016-06-25T23:07:54.498Z", "uuid": "EMIljsxTR4mGacTXwf2t7Q", "category": 11, "name": "Has audio privacy from neighbours", "order_num": 0}}, {"model": "core.criterion", "pk": 27, "fields": {"created": "2016-06-23T23:10:07.578Z", "modified": "2016-06-25T23:07:54.513Z", "uuid": "0VpFKWOZT2KGUkIkfDLOIQ", "category": 11, "name": "Not overlooked (? same as visual privacy ?)", "order_num": 2}}, {"model": "core.criterion", "pk": 28, "fields": {"created": "2016-06-23T23:10:11.253Z", "modified": "2016-06-25T23:07:54.520Z", "uuid": "WP64CR15RiqMKw05bYb09w", "category": 11, "name": "Protected from the elements (i.e. not exposed to wind/rain)", "order_num": 3}}, {"model": "core.criterion", "pk": 29, "fields": {"created": "2016-06-23T23:10:15.020Z", "modified": "2016-06-25T23:07:54.527Z", "uuid": "iLxBDCv0QjOM0FsOfKY2nw", "category": 11, "name": "Nearby population centre (ideally within 15 minute walk)", "order_num": 4}}, {"model": "core.criterion", "pk": 30, "fields": {"created": "2016-06-23T23:10:18.428Z", "modified": "2016-06-25T23:07:54.534Z", "uuid": "fx4i0_LbSIyJKXRcvSFmIg", "category": 11, "name": "Land has interesting terrain or features", "order_num": 5}}, {"model": "core.criterion", "pk": 31, "fields": {"created": "2016-06-23T23:10:24.820Z", "modified": "2016-06-25T23:07:54.542Z", "uuid": "sJQlZHtaQvKeh1tGBjxiqQ", "category": 11, "name": "Has water that could be a feature (high spring, unobtrusive river, high well)", "order_num": 6}}, {"model": "core.criterion", "pk": 32, "fields": {"created": "2016-06-23T23:10:30.164Z", "modified": "2016-06-25T23:07:54.548Z", "uuid": "rKZ7ydWITUyEpierBPDF-g", "category": 11, "name": "Land slopes in sun-facing direction", "order_num": 7}}, {"model": "core.criterion", "pk": 33, "fields": {"created": "2016-06-23T23:10:33.660Z", "modified": "2016-06-25T23:07:54.554Z", "uuid": "CRUAmiokSaCUWTzX6j-ngA", "category": 11, "name": "Free from biting insects", "order_num": 8}}, {"model": "core.criterion", "pk": 34, "fields": {"created": "2016-06-23T23:10:40.299Z", "modified": "2016-06-25T22:59:50.011Z", "uuid": "D9YkjaZGS36I6py8aTOM4g", "category": 12, "name": "Camping for 200 tents (\u00bd hectare minimum)", "order_num": 0}}, {"model": "core.criterion", "pk": 35, "fields": {"created": "2016-06-23T23:10:44.604Z", "modified": "2016-06-25T22:59:50.019Z", "uuid": "_zuiLVrjRvShGxouGLYcHQ", "category": 12, "name": "Income generation / rural tourism (?)", "order_num": 1}}, {"model": "core.criterion", "pk": 36, "fields": {"created": "2016-06-23T23:10:48.931Z", "modified": "2016-06-25T22:59:50.027Z", "uuid": "H3Ar_p2jTQWA5fvGqIywDQ", "category": 12, "name": "Future infrastructure projects planned for area", "order_num": 2}}, {"model": "core.criterion", "pk": 37, "fields": {"created": "2016-06-23T23:10:52.721Z", "modified": "2016-06-25T22:59:50.033Z", "uuid": "SaMUKvFtSkqDcAoA5oN_UA", "category": 12, "name": "Possibility to purchase neighbouring plots in future", "order_num": 3}}, {"model": "core.criterion", "pk": 38, "fields": {"created": "2016-06-23T23:11:00.050Z", "modified": "2016-06-23T23:11:00.050Z", "uuid": "IVY_OYQDRvK-GVZETjyk3Q", "category": 13, "name": "No registered trees", "order_num": 0}}, {"model": "core.criterion", "pk": 39, "fields": {"created": "2016-06-23T23:11:06.649Z", "modified": "2016-06-25T15:20:34.060Z", "uuid": "Ivkb8KYyTNCZRKiaMMAp4w", "category": 13, "name": "Has forest (0.5ha to 1.5ha)", "order_num": 0}}, {"model": "core.criterion", "pk": 40, "fields": {"created": "2016-06-23T23:11:11.442Z", "modified": "2016-06-23T23:11:11.442Z", "uuid": "kcyutuNFQaCQ2zA_fmtpYg", "category": 13, "name": "Low bramble level", "order_num": 0}}, {"model": "core.criterion", "pk": 41, "fields": {"created": "2016-06-23T23:11:16.818Z", "modified": "2016-06-23T23:11:16.818Z", "uuid": "0GOiBYSzQj2SHCCREYK6xQ", "category": 13, "name": "Non labour intensive land", "order_num": 0}}, {"model": "core.criterion", "pk": 42, "fields": {"created": "2016-06-23T23:11:24.963Z", "modified": "2016-06-23T23:11:24.963Z", "uuid": "d0CoQkRvTR6DO-vxk7JXVA", "category": 13, "name": "Low maintenance water sources", "order_num": 0}}, {"model": "core.weight", "pk": 23, "fields": {"created": "2016-06-24T10:57:57.302Z", "modified": "2016-06-24T10:57:57.302Z", "uuid": "4UrXw1j8QgqAJpx0DRNfYg", "user": 1, "criterion": 10, "value": 3}}, {"model": "core.weight", "pk": 24, "fields": {"created": "2016-06-24T10:57:57.539Z", "modified": "2016-06-24T10:57:57.540Z", "uuid": "YUB9kY-aTsCOkEwbbBLQCw", "user": 1, "criterion": 11, "value": 2}}, {"model": "core.weight", "pk": 25, "fields": {"created": "2016-06-24T10:57:57.819Z", "modified": "2016-06-24T10:57:57.819Z", "uuid": "CFTUcIQWSlypp7Op6BHOUw", "user": 1, "criterion": 21, "value": 4}}, {"model": "core.weight", "pk": 26, "fields": {"created": "2016-06-24T10:57:58.320Z", "modified": "2016-06-24T10:57:58.320Z", "uuid": "TByd4uOTTqC4zxSGm3o2fw", "user": 1, "criterion": 20, "value": 5}}, {"model": "core.weight", "pk": 27, "fields": {"created": "2016-06-24T10:57:59.084Z", "modified": "2016-06-24T10:58:00.251Z", "uuid": "YT54l0-bQEqFTdZHOj7I7Q", "user": 1, "criterion": 17, "value": 2}}, {"model": "core.weight", "pk": 28, "fields": {"created": "2016-06-24T10:58:00.660Z", "modified": "2016-06-24T10:58:00.660Z", "uuid": "cP0qwguvTlGsdkE3B-Inmg", "user": 1, "criterion": 18, "value": 1}}, {"model": "core.weight", "pk": 29, "fields": {"created": "2016-06-24T10:58:00.932Z", "modified": "2016-06-24T10:58:00.932Z", "uuid": "abx69CsYTB-7_toTTuc35Q", "user": 1, "criterion": 19, "value": 2}}, {"model": "core.weight", "pk": 30, "fields": {"created": "2016-06-24T10:58:01.292Z", "modified": "2016-06-24T10:58:01.292Z", "uuid": "4Uy57EpxSjK4yKTPqhaSww", "user": 1, "criterion": 34, "value": 1}}, {"model": "core.weight", "pk": 31, "fields": {"created": "2016-06-24T10:58:01.922Z", "modified": "2016-06-24T10:58:01.922Z", "uuid": "R_U2ote9TP2iQNUyl2g_aA", "user": 1, "criterion": 36, "value": 2}}, {"model": "core.weight", "pk": 32, "fields": {"created": "2016-06-24T10:58:02.244Z", "modified": "2016-06-24T10:58:02.244Z", "uuid": "7-OpKCH2TCWVa29cpADqSw", "user": 1, "criterion": 35, "value": 3}}, {"model": "core.weight", "pk": 33, "fields": {"created": "2016-06-24T10:58:02.684Z", "modified": "2016-06-24T10:58:02.684Z", "uuid": "tipIpnENTlaZ25JYZCJrpg", "user": 1, "criterion": 37, "value": 2}}, {"model": "core.weight", "pk": 34, "fields": {"created": "2016-06-24T10:58:03.555Z", "modified": "2016-06-24T10:58:03.555Z", "uuid": "-IlCW1eGScapfr-OSn1rUA", "user": 1, "criterion": 31, "value": 1}}, {"model": "core.weight", "pk": 35, "fields": {"created": "2016-06-24T10:58:03.836Z", "modified": "2016-06-24T10:58:03.836Z", "uuid": "AnyaoizFTHu0CYSqNXtetw", "user": 1, "criterion": 33, "value": 4}}, {"model": "core.weight", "pk": 36, "fields": {"created": "2016-06-24T10:58:04.147Z", "modified": "2016-06-24T10:58:04.147Z", "uuid": "D1fA9CsGRRO23aq9ElRwRA", "user": 1, "criterion": 30, "value": 3}}, {"model": "core.weight", "pk": 37, "fields": {"created": "2016-06-24T10:58:04.771Z", "modified": "2016-06-24T10:58:04.771Z", "uuid": "nURHs_6FRcuhJfg0HKGsWQ", "user": 1, "criterion": 32, "value": 2}}, {"model": "core.weight", "pk": 38, "fields": {"created": "2016-06-24T10:58:06.252Z", "modified": "2016-06-24T10:58:06.252Z", "uuid": "rSOmhzzUQk2vzgPwYNpWWA", "user": 1, "criterion": 29, "value": 2}}, {"model": "core.weight", "pk": 39, "fields": {"created": "2016-06-24T10:58:07.244Z", "modified": "2016-06-24T10:58:07.244Z", "uuid": "QFtUp8-cQKO3XVnaRfp61Q", "user": 1, "criterion": 26, "value": 1}}, {"model": "core.weight", "pk": 40, "fields": {"created": "2016-06-24T10:58:08.083Z", "modified": "2016-06-24T10:58:08.083Z", "uuid": "zopS5FYGSXO5FKMdtC7INA", "user": 1, "criterion": 25, "value": 4}}, {"model": "core.weight", "pk": 41, "fields": {"created": "2016-06-24T10:58:08.428Z", "modified": "2016-06-24T10:58:08.428Z", "uuid": "RFLkT1BoRhaiI5EWCr3p9g", "user": 1, "criterion": 28, "value": 3}}, {"model": "core.weight", "pk": 42, "fields": {"created": "2016-06-24T10:58:08.819Z", "modified": "2016-06-24T10:58:08.819Z", "uuid": "LKP3pgFRQUG2X4AXuX2Pdg", "user": 1, "criterion": 27, "value": 2}}, {"model": "core.weight", "pk": 43, "fields": {"created": "2016-06-24T10:58:09.132Z", "modified": "2016-06-24T10:58:09.132Z", "uuid": "FlOM_Zt8RnCX7Ufdam6y-w", "user": 1, "criterion": 39, "value": 4}}, {"model": "core.weight", "pk": 44, "fields": {"created": "2016-06-24T10:58:10.106Z", "modified": "2016-06-24T10:58:10.106Z", "uuid": "7qYl1JiuSoi1pc9GOJwvVg", "user": 1, "criterion": 40, "value": 2}}, {"model": "core.weight", "pk": 45, "fields": {"created": "2016-06-24T10:58:10.464Z", "modified": "2016-06-24T10:58:10.464Z", "uuid": "uP2frZhvRtmDEBRzQrbynQ", "user": 1, "criterion": 42, "value": 3}}, {"model": "core.weight", "pk": 46, "fields": {"created": "2016-06-24T10:58:11.077Z", "modified": "2016-06-24T10:58:11.077Z", "uuid": "kbufUokVTuaiUsbUnC4X5A", "user": 1, "criterion": 38, "value": 1}}, {"model": "core.weight", "pk": 47, "fields": {"created": "2016-06-24T10:58:11.838Z", "modified": "2016-06-24T10:58:11.838Z", "uuid": "mcDKJrrYShaemTFMn5Bf0Q", "user": 1, "criterion": 41, "value": 3}}, {"model": "core.weight", "pk": 48, "fields": {"created": "2016-06-24T10:58:12.597Z", "modified": "2016-06-24T10:58:12.597Z", "uuid": "H-20GqJ7SCyb7U8EHoTAlQ", "user": 1, "criterion": 16, "value": 2}}, {"model": "core.weight", "pk": 49, "fields": {"created": "2016-06-24T10:58:13.443Z", "modified": "2016-06-24T10:58:13.443Z", "uuid": "PdQRuODTS2GUzDxjTMt--g", "user": 1, "criterion": 14, "value": 4}}, {"model": "core.weight", "pk": 50, "fields": {"created": "2016-06-24T10:58:14.947Z", "modified": "2016-06-24T10:58:14.947Z", "uuid": "nZQuTNfRS6-yv72aq_xo3A", "user": 1, "criterion": 12, "value": 5}}, {"model": "core.weight", "pk": 51, "fields": {"created": "2016-06-24T10:58:15.730Z", "modified": "2016-06-24T10:58:15.730Z", "uuid": "IWGZwboYSZmQ4RKwa4xV0w", "user": 1, "criterion": 15, "value": 4}}, {"model": "core.weight", "pk": 52, "fields": {"created": "2016-06-24T10:58:16.037Z", "modified": "2016-06-24T10:58:16.037Z", "uuid": "PUtQU4D0QmyVN-wp4Ijlvg", "user": 1, "criterion": 13, "value": 3}}, {"model": "core.weight", "pk": 56, "fields": {"created": "2016-06-24T19:00:19.697Z", "modified": "2016-06-24T19:00:19.697Z", "uuid": "prxlcyPpTA2RfS4Rqw8pVw", "user": 2, "criterion": 22, "value": 3}}, {"model": "core.weight", "pk": 57, "fields": {"created": "2016-06-24T19:00:19.930Z", "modified": "2016-06-24T19:00:19.930Z", "uuid": "kScr-87NQkun1kEi7Pdy2A", "user": 2, "criterion": 23, "value": 2}}, {"model": "core.weight", "pk": 59, "fields": {"created": "2016-06-24T19:00:20.432Z", "modified": "2016-06-24T19:00:20.432Z", "uuid": "QdNXEfgGSVaImdiuwaopyQ", "user": 2, "criterion": 10, "value": 4}}, {"model": "core.weight", "pk": 60, "fields": {"created": "2016-06-24T19:00:20.688Z", "modified": "2016-06-24T19:00:20.689Z", "uuid": "1E5HuOGWSuGuUQVWGfvxuw", "user": 2, "criterion": 11, "value": 3}}, {"model": "core.weight", "pk": 61, "fields": {"created": "2016-06-24T19:00:21.009Z", "modified": "2016-06-24T19:00:21.009Z", "uuid": "ZDcjhziuRdmL6ibKCVhcyA", "user": 2, "criterion": 21, "value": 2}}, {"model": "core.weight", "pk": 62, "fields": {"created": "2016-06-24T19:00:21.272Z", "modified": "2016-06-24T19:00:21.272Z", "uuid": "YMAtF9IOSHG9iNalsvwOEg", "user": 2, "criterion": 20, "value": 1}}, {"model": "core.weight", "pk": 63, "fields": {"created": "2016-06-24T19:00:21.520Z", "modified": "2016-06-24T19:00:21.520Z", "uuid": "yz7B9XudSz6_rw9wb4VZ3Q", "user": 2, "criterion": 17, "value": 3}}, {"model": "core.weight", "pk": 64, "fields": {"created": "2016-06-24T19:00:21.784Z", "modified": "2016-06-24T19:00:21.784Z", "uuid": "Wk1Yn1-zSJ6PXQ29Xn0yzg", "user": 2, "criterion": 18, "value": 4}}, {"model": "core.weight", "pk": 65, "fields": {"created": "2016-06-24T19:00:22.032Z", "modified": "2016-06-24T19:00:22.032Z", "uuid": "iEq8UU2DR3Gy64Fhus8piw", "user": 2, "criterion": 19, "value": 2}}, {"model": "core.weight", "pk": 66, "fields": {"created": "2016-06-24T19:00:22.276Z", "modified": "2016-06-24T19:00:22.276Z", "uuid": "5ydXS5KuSj2a6xmXL5WGGg", "user": 2, "criterion": 34, "value": 3}}, {"model": "core.weight", "pk": 67, "fields": {"created": "2016-06-24T19:00:22.521Z", "modified": "2016-06-24T19:00:22.521Z", "uuid": "ITIRHggpQlu0e2pIzUzFpg", "user": 2, "criterion": 36, "value": 4}}, {"model": "core.weight", "pk": 68, "fields": {"created": "2016-06-24T19:00:22.768Z", "modified": "2016-06-24T19:00:22.768Z", "uuid": "mojMOa9PQ7CBp4-olFY9uQ", "user": 2, "criterion": 35, "value": 2}}, {"model": "core.weight", "pk": 69, "fields": {"created": "2016-06-24T19:00:23.040Z", "modified": "2016-06-24T19:00:23.041Z", "uuid": "QnraSI8YQhWymIDK7YrI4g", "user": 2, "criterion": 37, "value": 1}}, {"model": "core.weight", "pk": 70, "fields": {"created": "2016-06-24T19:00:23.266Z", "modified": "2016-06-24T19:00:23.266Z", "uuid": "0wAO8fPbROGqn_dGBEG07w", "user": 2, "criterion": 31, "value": 3}}, {"model": "core.weight", "pk": 72, "fields": {"created": "2016-06-24T19:00:25.056Z", "modified": "2016-06-24T19:00:25.056Z", "uuid": "pIEDE520S3O0UpH5BAptbg", "user": 2, "criterion": 30, "value": 4}}, {"model": "core.weight", "pk": 73, "fields": {"created": "2016-06-24T19:00:25.282Z", "modified": "2016-06-24T19:00:25.282Z", "uuid": "Xlac1HxyRKWhif9hpt_Ecw", "user": 2, "criterion": 32, "value": 3}}, {"model": "core.weight", "pk": 74, "fields": {"created": "2016-06-24T19:00:25.545Z", "modified": "2016-06-24T19:00:25.545Z", "uuid": "fFqPwUUOQl24EKPh-DpnZA", "user": 2, "criterion": 29, "value": 5}}, {"model": "core.weight", "pk": 75, "fields": {"created": "2016-06-24T19:00:25.832Z", "modified": "2016-06-25T23:03:06.885Z", "uuid": "8-m5MnP3T2mpm9dFnb-lqw", "user": 2, "criterion": 26, "value": 3}}, {"model": "core.weight", "pk": 76, "fields": {"created": "2016-06-24T19:00:26.123Z", "modified": "2016-06-24T19:00:26.123Z", "uuid": "qV0fg3j4RN6fSBXzbK-PZQ", "user": 2, "criterion": 25, "value": 2}}, {"model": "core.weight", "pk": 77, "fields": {"created": "2016-06-24T19:00:26.409Z", "modified": "2016-06-24T19:00:26.409Z", "uuid": "d9nGstv9QB6nPzgFHvqi8A", "user": 2, "criterion": 28, "value": 1}}, {"model": "core.weight", "pk": 78, "fields": {"created": "2016-06-24T19:00:26.672Z", "modified": "2016-06-24T19:00:26.672Z", "uuid": "pvsjQ8C-RYGjkAYGfjoVQg", "user": 2, "criterion": 27, "value": 3}}, {"model": "core.weight", "pk": 79, "fields": {"created": "2016-06-24T19:00:26.905Z", "modified": "2016-06-25T18:12:22.228Z", "uuid": "v89UG9f6SxaP9ZYslrJZQA", "user": 2, "criterion": 39, "value": 5}}, {"model": "core.weight", "pk": 80, "fields": {"created": "2016-06-24T19:00:27.752Z", "modified": "2016-06-24T19:00:27.752Z", "uuid": "_DZ7dlqCST-7oBcE-lbm3w", "user": 2, "criterion": 40, "value": 5}}, {"model": "core.weight", "pk": 81, "fields": {"created": "2016-06-24T19:00:28.088Z", "modified": "2016-06-24T19:00:28.088Z", "uuid": "rHWpETQkRByh5hVJxxFw0Q", "user": 2, "criterion": 42, "value": 3}}, {"model": "core.weight", "pk": 82, "fields": {"created": "2016-06-24T19:00:28.393Z", "modified": "2016-06-25T18:12:57.198Z", "uuid": "8hS-svUjTlaqjAl3s8-5NA", "user": 2, "criterion": 38, "value": 0}}, {"model": "core.weight", "pk": 83, "fields": {"created": "2016-06-24T19:00:28.585Z", "modified": "2016-06-24T19:00:28.585Z", "uuid": "uSSzZbb8TySJnybJWdtbWw", "user": 2, "criterion": 41, "value": 1}}, {"model": "core.weight", "pk": 84, "fields": {"created": "2016-06-24T19:00:28.794Z", "modified": "2016-06-24T19:00:28.794Z", "uuid": "lbITioApRw6JPqSQAhrezQ", "user": 2, "criterion": 16, "value": 3}}, {"model": "core.weight", "pk": 85, "fields": {"created": "2016-06-24T19:00:30.377Z", "modified": "2016-06-24T19:00:30.377Z", "uuid": "5_nwLtdgQZyg4WG-TXCPJg", "user": 2, "criterion": 14, "value": 4}}, {"model": "core.weight", "pk": 86, "fields": {"created": "2016-06-24T19:00:30.609Z", "modified": "2016-06-24T19:00:30.609Z", "uuid": "HaO3Bh6qQZGVpcrUOTowpA", "user": 2, "criterion": 12, "value": 3}}, {"model": "core.weight", "pk": 87, "fields": {"created": "2016-06-24T19:00:30.825Z", "modified": "2016-06-24T19:00:30.825Z", "uuid": "Qb06iI5uR-iKzl-XU3k4rg", "user": 2, "criterion": 15, "value": 2}}, {"model": "core.weight", "pk": 88, "fields": {"created": "2016-06-24T19:00:31.570Z", "modified": "2016-06-24T19:00:31.570Z", "uuid": "2QLFPLkcRyy19dFr-7mieg", "user": 2, "criterion": 13, "value": 1}}, {"model": "core.weight", "pk": 89, "fields": {"created": "2016-06-24T20:10:36.950Z", "modified": "2016-06-24T20:10:36.950Z", "uuid": "gn-aI1X3RhG68B_Wvu-78A", "user": 1, "criterion": 7, "value": 1}}, {"model": "core.weight", "pk": 90, "fields": {"created": "2016-06-24T20:10:37.168Z", "modified": "2016-06-25T18:14:20.023Z", "uuid": "28nvJyg7RuiBs0xS4cKxww", "user": 1, "criterion": 8, "value": 0}}, {"model": "core.weight", "pk": 91, "fields": {"created": "2016-06-24T20:10:37.542Z", "modified": "2016-06-25T18:14:20.633Z", "uuid": "wqX__FdpQ1SGErgEf1VV6Q", "user": 1, "criterion": 9, "value": 0}}, {"model": "core.weight", "pk": 92, "fields": {"created": "2016-06-24T20:10:37.792Z", "modified": "2016-06-24T20:10:37.792Z", "uuid": "Jl97aT2iQS-PlupnbS9UtQ", "user": 1, "criterion": 22, "value": 1}}, {"model": "core.weight", "pk": 93, "fields": {"created": "2016-06-24T20:10:38.519Z", "modified": "2016-06-24T20:10:38.519Z", "uuid": "nj0DIlt2Qk2b3suFhK52vQ", "user": 1, "criterion": 23, "value": 1}}, {"model": "core.weight", "pk": 94, "fields": {"created": "2016-06-25T00:30:00.840Z", "modified": "2016-06-25T18:12:30.877Z", "uuid": "huffNV9oSa61m48O2FPaMg", "user": 2, "criterion": 7, "value": 0}}, {"model": "core.weight", "pk": 96, "fields": {"created": "2016-06-25T00:30:01.990Z", "modified": "2016-06-25T18:12:31.168Z", "uuid": "zEEuxbujSQWUYcv9nghykw", "user": 2, "criterion": 9, "value": 0}}, {"model": "core.weight", "pk": 97, "fields": {"created": "2016-06-25T18:11:59.542Z", "modified": "2016-06-25T18:11:59.542Z", "uuid": "yasZw6KkQMa0o7tJayY-Pw", "user": 2, "criterion": 33, "value": 5}}, {"model": "core.weight", "pk": 98, "fields": {"created": "2016-06-25T18:12:32.525Z", "modified": "2016-06-25T18:12:32.525Z", "uuid": "YPX1PyCdTiGNULdkSWMmGQ", "user": 2, "criterion": 8, "value": 0}}, {"model": "core.score", "pk": 28, "fields": {"created": "2016-06-24T10:57:05.904Z", "modified": "2016-06-26T00:28:27.865Z", "uuid": "ec98r87VRa6MpYprwZi1GQ", "user": 1, "criterion": 20, "option": 1, "value": 4}}, {"model": "core.score", "pk": 29, "fields": {"created": "2016-06-24T10:57:22.953Z", "modified": "2016-06-24T11:06:06.083Z", "uuid": "V4F7zLzGTNmJtKL22mIVyg", "user": 1, "criterion": 7, "option": 1, "value": 2}}, {"model": "core.score", "pk": 30, "fields": {"created": "2016-06-24T10:57:31.349Z", "modified": "2016-06-24T10:57:31.349Z", "uuid": "4mtclfIpRLOB4hhkS6hI2w", "user": 1, "criterion": 8, "option": 1, "value": 2}}, {"model": "core.score", "pk": 31, "fields": {"created": "2016-06-24T10:57:31.596Z", "modified": "2016-06-24T10:57:31.596Z", "uuid": "CWoDxuqoQyqEh6h6xh3p1A", "user": 1, "criterion": 9, "option": 1, "value": 3}}, {"model": "core.score", "pk": 32, "fields": {"created": "2016-06-24T10:57:32.810Z", "modified": "2016-06-26T00:28:38.458Z", "uuid": "pMln2y5zTgyuJUHoJg5w4Q", "user": 1, "criterion": 22, "option": 1, "value": 2}}, {"model": "core.score", "pk": 33, "fields": {"created": "2016-06-24T10:57:33.115Z", "modified": "2016-06-26T00:28:38.680Z", "uuid": "_MG7PRDwS8mryJDnKawRhA", "user": 1, "criterion": 23, "option": 1, "value": 2}}, {"model": "core.score", "pk": 35, "fields": {"created": "2016-06-24T10:57:33.707Z", "modified": "2016-06-26T00:27:27.548Z", "uuid": "xYjvKiGuQ06JVGMg9WcUPA", "user": 1, "criterion": 10, "option": 1, "value": 5}}, {"model": "core.score", "pk": 36, "fields": {"created": "2016-06-24T10:57:33.956Z", "modified": "2016-06-26T00:27:32.574Z", "uuid": "80lq7X5jS2i_HlS7TzrYkA", "user": 1, "criterion": 11, "option": 1, "value": 3}}, {"model": "core.score", "pk": 37, "fields": {"created": "2016-06-24T10:57:34.209Z", "modified": "2016-06-26T00:28:28.498Z", "uuid": "Dwr2JmSDRq-brX0GXddb5Q", "user": 1, "criterion": 21, "option": 1, "value": 4}}, {"model": "core.score", "pk": 38, "fields": {"created": "2016-06-24T10:57:34.829Z", "modified": "2016-06-24T10:57:34.829Z", "uuid": "obpIdQzmSXOzQCohp5OF0g", "user": 1, "criterion": 17, "option": 1, "value": 4}}, {"model": "core.score", "pk": 39, "fields": {"created": "2016-06-24T10:57:35.124Z", "modified": "2016-06-26T00:28:27.451Z", "uuid": "IRZzShslT3eGPipzlDAiIg", "user": 1, "criterion": 18, "option": 1, "value": 4}}, {"model": "core.score", "pk": 40, "fields": {"created": "2016-06-24T10:57:35.413Z", "modified": "2016-06-24T10:57:35.413Z", "uuid": "pwC5IUrIQCixbF5R57YcCA", "user": 1, "criterion": 19, "option": 1, "value": 4}}, {"model": "core.score", "pk": 41, "fields": {"created": "2016-06-24T10:57:35.667Z", "modified": "2016-06-26T00:28:38.890Z", "uuid": "uiU1V9glQ5e8ZruiFYsBUQ", "user": 1, "criterion": 34, "option": 1, "value": 2}}, {"model": "core.score", "pk": 42, "fields": {"created": "2016-06-24T10:57:35.934Z", "modified": "2016-06-24T10:57:35.934Z", "uuid": "4XVO7-iVR5eKoszNBqDbWw", "user": 1, "criterion": 36, "option": 1, "value": 2}}, {"model": "core.score", "pk": 43, "fields": {"created": "2016-06-24T10:57:36.155Z", "modified": "2016-06-26T00:28:39.090Z", "uuid": "CtypCkzmSL-VYvB0Zjc8Qw", "user": 1, "criterion": 35, "option": 1, "value": 2}}, {"model": "core.score", "pk": 44, "fields": {"created": "2016-06-24T10:57:36.386Z", "modified": "2016-06-24T10:57:36.386Z", "uuid": "4k3kVApGSTuu8hiVXuZLew", "user": 1, "criterion": 37, "option": 1, "value": 2}}, {"model": "core.score", "pk": 45, "fields": {"created": "2016-06-24T10:57:36.628Z", "modified": "2016-06-24T10:57:36.628Z", "uuid": "DBClG9UDQCu0cmUeqbyjeA", "user": 1, "criterion": 31, "option": 1, "value": 3}}, {"model": "core.score", "pk": 46, "fields": {"created": "2016-06-24T10:57:36.892Z", "modified": "2016-06-26T00:27:20.066Z", "uuid": "_r_aq_CNSrmhv8sXOs38ow", "user": 1, "criterion": 33, "option": 1, "value": 3}}, {"model": "core.score", "pk": 47, "fields": {"created": "2016-06-24T10:57:37.139Z", "modified": "2016-06-26T00:27:19.322Z", "uuid": "G9CN2xylRBCfouYlsO6xIA", "user": 1, "criterion": 30, "option": 1, "value": 4}}, {"model": "core.score", "pk": 48, "fields": {"created": "2016-06-24T10:57:37.386Z", "modified": "2016-06-24T10:57:37.386Z", "uuid": "ma3yE18gT6yc4wP4bE-3tg", "user": 1, "criterion": 32, "option": 1, "value": 4}}, {"model": "core.score", "pk": 49, "fields": {"created": "2016-06-24T10:57:37.603Z", "modified": "2016-06-24T10:57:37.603Z", "uuid": "FyOy2aPyRS2NLEjIKj51sA", "user": 1, "criterion": 29, "option": 1, "value": 3}}, {"model": "core.score", "pk": 50, "fields": {"created": "2016-06-24T10:57:37.834Z", "modified": "2016-06-26T00:27:17.977Z", "uuid": "I179RpuwTFa69jv6pQzxvw", "user": 1, "criterion": 26, "option": 1, "value": 3}}, {"model": "core.score", "pk": 51, "fields": {"created": "2016-06-24T10:57:38.058Z", "modified": "2016-06-26T00:27:18.243Z", "uuid": "rzlZfbQWS3GMnkewGx-PUw", "user": 1, "criterion": 25, "option": 1, "value": 4}}, {"model": "core.score", "pk": 52, "fields": {"created": "2016-06-24T10:57:38.284Z", "modified": "2016-06-26T00:27:18.753Z", "uuid": "GgVBqS7uRoyScwAAEcmsYg", "user": 1, "criterion": 28, "option": 1, "value": 4}}, {"model": "core.score", "pk": 53, "fields": {"created": "2016-06-24T10:57:38.588Z", "modified": "2016-06-24T10:57:38.588Z", "uuid": "CyC1ahgnSeWowmOQeoAK8w", "user": 1, "criterion": 27, "option": 1, "value": 3}}, {"model": "core.score", "pk": 54, "fields": {"created": "2016-06-24T10:57:38.819Z", "modified": "2016-06-24T10:57:38.819Z", "uuid": "t0-NF8PwTFSDANrSAZfHaQ", "user": 1, "criterion": 39, "option": 1, "value": 4}}, {"model": "core.score", "pk": 55, "fields": {"created": "2016-06-24T10:57:39.901Z", "modified": "2016-06-24T10:57:39.901Z", "uuid": "2RyJsFH5SFatNaIPFLN_bg", "user": 1, "criterion": 40, "option": 1, "value": 3}}, {"model": "core.score", "pk": 56, "fields": {"created": "2016-06-24T10:57:40.139Z", "modified": "2016-06-26T00:27:46.946Z", "uuid": "YTWOp2jXSCGEbNznwk_jBQ", "user": 1, "criterion": 42, "option": 1, "value": 3}}, {"model": "core.score", "pk": 57, "fields": {"created": "2016-06-24T10:57:40.372Z", "modified": "2016-06-26T00:27:36.995Z", "uuid": "0tqXTibkRaK7rUekvY86cw", "user": 1, "criterion": 38, "option": 1, "value": 3}}, {"model": "core.score", "pk": 58, "fields": {"created": "2016-06-24T10:57:40.603Z", "modified": "2016-06-26T00:27:45.825Z", "uuid": "oC9QPIvMRfy3zykQ-yZicw", "user": 1, "criterion": 41, "option": 1, "value": 4}}, {"model": "core.score", "pk": 59, "fields": {"created": "2016-06-24T10:57:40.925Z", "modified": "2016-06-26T00:28:16.418Z", "uuid": "DE3kkX3KR6Oe9NXhJnOrfA", "user": 1, "criterion": 16, "option": 1, "value": 2}}, {"model": "core.score", "pk": 60, "fields": {"created": "2016-06-24T10:57:41.181Z", "modified": "2016-06-26T00:28:13.529Z", "uuid": "keDkOhWCQz-1UWO3Z9uaUA", "user": 1, "criterion": 14, "option": 1, "value": 2}}, {"model": "core.score", "pk": 61, "fields": {"created": "2016-06-24T10:57:41.451Z", "modified": "2016-06-26T00:28:12.034Z", "uuid": "hgaIGZLgQrKXOMuLU2xwMg", "user": 1, "criterion": 12, "option": 1, "value": 2}}, {"model": "core.score", "pk": 62, "fields": {"created": "2016-06-24T10:57:43.165Z", "modified": "2016-06-26T00:28:15.554Z", "uuid": "bBExrKPGQs6VdxCgQkHdgw", "user": 1, "criterion": 15, "option": 1, "value": 1}}, {"model": "core.score", "pk": 63, "fields": {"created": "2016-06-24T10:57:43.412Z", "modified": "2016-06-26T00:28:14.771Z", "uuid": "QAPjIWp3QQqgXWQU6LOt6Q", "user": 1, "criterion": 13, "option": 1, "value": 1}}, {"model": "core.score", "pk": 65, "fields": {"created": "2016-06-24T11:38:14.887Z", "modified": "2016-06-24T11:39:54.614Z", "uuid": "oFriNN50TWKmWoWWpKk_Jg", "user": 1, "criterion": 8, "option": 2, "value": 5}}, {"model": "core.score", "pk": 66, "fields": {"created": "2016-06-24T11:38:19.541Z", "modified": "2016-06-24T11:39:54.845Z", "uuid": "E-73ni9WT9aBlo5UaQyuUA", "user": 1, "criterion": 9, "option": 2, "value": 5}}, {"model": "core.score", "pk": 67, "fields": {"created": "2016-06-24T11:39:55.061Z", "modified": "2016-06-24T11:39:55.061Z", "uuid": "AYz0CJMfTe2POJedDCDorQ", "user": 1, "criterion": 22, "option": 2, "value": 5}}, {"model": "core.score", "pk": 68, "fields": {"created": "2016-06-24T11:39:55.270Z", "modified": "2016-06-24T11:39:55.270Z", "uuid": "3a-4-CPvTqy1zJC572Gn8A", "user": 1, "criterion": 23, "option": 2, "value": 5}}, {"model": "core.score", "pk": 70, "fields": {"created": "2016-06-24T11:39:55.699Z", "modified": "2016-06-24T11:39:55.699Z", "uuid": "TG9Q21HrR9qrf3lFCIAutg", "user": 1, "criterion": 10, "option": 2, "value": 5}}, {"model": "core.score", "pk": 71, "fields": {"created": "2016-06-24T11:39:55.924Z", "modified": "2016-06-24T11:39:55.925Z", "uuid": "KlFFmJ6-RquLR_YuTVjUoQ", "user": 1, "criterion": 11, "option": 2, "value": 5}}, {"model": "core.score", "pk": 72, "fields": {"created": "2016-06-24T11:39:56.142Z", "modified": "2016-06-24T11:39:56.142Z", "uuid": "N7DEZY3KSlarnMLm6kLtYw", "user": 1, "criterion": 21, "option": 2, "value": 5}}, {"model": "core.score", "pk": 73, "fields": {"created": "2016-06-24T11:39:56.365Z", "modified": "2016-06-24T11:39:56.365Z", "uuid": "tOfv-wb2TuKxZuATp19rOw", "user": 1, "criterion": 20, "option": 2, "value": 5}}, {"model": "core.score", "pk": 74, "fields": {"created": "2016-06-24T11:39:56.582Z", "modified": "2016-06-24T11:39:56.582Z", "uuid": "U604EetARg-Og512gaTbMQ", "user": 1, "criterion": 17, "option": 2, "value": 5}}, {"model": "core.score", "pk": 75, "fields": {"created": "2016-06-24T11:39:56.788Z", "modified": "2016-06-24T11:39:56.788Z", "uuid": "SFHaShZvSQWah09MxH-Urg", "user": 1, "criterion": 18, "option": 2, "value": 5}}, {"model": "core.score", "pk": 76, "fields": {"created": "2016-06-24T11:39:57.015Z", "modified": "2016-06-24T11:39:57.015Z", "uuid": "4ZiJDZEORXutJlhMXx4vOA", "user": 1, "criterion": 19, "option": 2, "value": 5}}, {"model": "core.score", "pk": 77, "fields": {"created": "2016-06-24T11:39:57.247Z", "modified": "2016-06-24T11:39:57.247Z", "uuid": "7frjo4R5Sc6_cEyZkLDi1g", "user": 1, "criterion": 34, "option": 2, "value": 5}}, {"model": "core.score", "pk": 78, "fields": {"created": "2016-06-24T11:39:57.463Z", "modified": "2016-06-24T11:39:57.463Z", "uuid": "Ls9hSSXzS6OFrAqW-El85A", "user": 1, "criterion": 36, "option": 2, "value": 5}}, {"model": "core.score", "pk": 79, "fields": {"created": "2016-06-24T11:39:57.677Z", "modified": "2016-06-24T11:39:57.677Z", "uuid": "8ylpelc_SCGCBZcGsWLW5A", "user": 1, "criterion": 35, "option": 2, "value": 5}}, {"model": "core.score", "pk": 80, "fields": {"created": "2016-06-24T11:39:57.878Z", "modified": "2016-06-24T11:39:57.878Z", "uuid": "-yfNAwZFRFu4vk8H_nY2fA", "user": 1, "criterion": 37, "option": 2, "value": 5}}, {"model": "core.score", "pk": 81, "fields": {"created": "2016-06-24T11:39:58.149Z", "modified": "2016-06-24T11:39:58.149Z", "uuid": "ZMFBuq4VTdanXhovoGHVSA", "user": 1, "criterion": 31, "option": 2, "value": 5}}, {"model": "core.score", "pk": 82, "fields": {"created": "2016-06-24T11:39:58.389Z", "modified": "2016-06-24T11:39:58.389Z", "uuid": "7cd_XCuGTE-uccyi1OAUhw", "user": 1, "criterion": 33, "option": 2, "value": 5}}, {"model": "core.score", "pk": 83, "fields": {"created": "2016-06-24T11:39:58.604Z", "modified": "2016-06-24T11:39:58.604Z", "uuid": "70FGjug9QAirvIZ95tL9dw", "user": 1, "criterion": 30, "option": 2, "value": 5}}, {"model": "core.score", "pk": 84, "fields": {"created": "2016-06-24T11:39:58.831Z", "modified": "2016-06-24T11:39:58.831Z", "uuid": "j4MvGjwIRwWz0ekdtK_1-Q", "user": 1, "criterion": 32, "option": 2, "value": 5}}, {"model": "core.score", "pk": 85, "fields": {"created": "2016-06-24T11:39:59.068Z", "modified": "2016-06-24T11:39:59.068Z", "uuid": "CibfZtq8S7ar7rU3x46M1Q", "user": 1, "criterion": 29, "option": 2, "value": 5}}, {"model": "core.score", "pk": 86, "fields": {"created": "2016-06-24T11:39:59.284Z", "modified": "2016-06-24T11:39:59.284Z", "uuid": "tbdq-TGURfeB2SV13oAkyA", "user": 1, "criterion": 26, "option": 2, "value": 5}}, {"model": "core.score", "pk": 87, "fields": {"created": "2016-06-24T11:39:59.500Z", "modified": "2016-06-24T11:39:59.500Z", "uuid": "W0QLmdu0QU2znHQDByn7-Q", "user": 1, "criterion": 25, "option": 2, "value": 5}}, {"model": "core.score", "pk": 88, "fields": {"created": "2016-06-24T11:39:59.709Z", "modified": "2016-06-24T11:39:59.709Z", "uuid": "I22HgPIUTZufJIlWMQxlFA", "user": 1, "criterion": 28, "option": 2, "value": 5}}, {"model": "core.score", "pk": 89, "fields": {"created": "2016-06-24T11:40:00.285Z", "modified": "2016-06-24T11:40:00.285Z", "uuid": "Sx8AaMEKRnqoGRSBx0hc8w", "user": 1, "criterion": 27, "option": 2, "value": 5}}, {"model": "core.score", "pk": 90, "fields": {"created": "2016-06-24T11:40:00.694Z", "modified": "2016-06-24T11:40:00.694Z", "uuid": "8Npz54BuSciEYUaonxsz8Q", "user": 1, "criterion": 39, "option": 2, "value": 5}}, {"model": "core.score", "pk": 91, "fields": {"created": "2016-06-24T11:40:00.917Z", "modified": "2016-06-24T11:40:00.917Z", "uuid": "qviDkwCoQgy6WLZPeZK7Hw", "user": 1, "criterion": 40, "option": 2, "value": 5}}, {"model": "core.score", "pk": 92, "fields": {"created": "2016-06-24T11:40:01.133Z", "modified": "2016-06-24T11:40:01.133Z", "uuid": "drwLGf5JSLOZJsfFJllnjw", "user": 1, "criterion": 42, "option": 2, "value": 5}}, {"model": "core.score", "pk": 93, "fields": {"created": "2016-06-24T11:40:01.365Z", "modified": "2016-06-24T11:40:01.365Z", "uuid": "wZKFNNGpRkeSW1UHF6mkjw", "user": 1, "criterion": 38, "option": 2, "value": 5}}, {"model": "core.score", "pk": 94, "fields": {"created": "2016-06-24T11:40:01.582Z", "modified": "2016-06-24T11:40:01.582Z", "uuid": "2zj1Iiv1QOyt6A4frqiuqw", "user": 1, "criterion": 41, "option": 2, "value": 5}}, {"model": "core.score", "pk": 95, "fields": {"created": "2016-06-24T11:40:01.814Z", "modified": "2016-06-24T11:40:01.814Z", "uuid": "UkgHEu1sRHuN7tYI3pz6aA", "user": 1, "criterion": 16, "option": 2, "value": 5}}, {"model": "core.score", "pk": 96, "fields": {"created": "2016-06-24T11:40:02.046Z", "modified": "2016-06-24T11:40:02.046Z", "uuid": "nzi0KgfmT3WtXODkYSZwFA", "user": 1, "criterion": 14, "option": 2, "value": 5}}, {"model": "core.score", "pk": 97, "fields": {"created": "2016-06-24T11:40:02.836Z", "modified": "2016-06-24T11:40:02.836Z", "uuid": "9ZB_OG-1QYSbkLZSSg13ag", "user": 1, "criterion": 12, "option": 2, "value": 5}}, {"model": "core.score", "pk": 98, "fields": {"created": "2016-06-24T11:40:03.101Z", "modified": "2016-06-24T11:40:03.101Z", "uuid": "GGVECY3LQ4e1-P8G7vP7ZQ", "user": 1, "criterion": 15, "option": 2, "value": 5}}, {"model": "core.score", "pk": 99, "fields": {"created": "2016-06-24T11:40:05.903Z", "modified": "2016-06-24T11:40:05.903Z", "uuid": "fcLUe0wNRaS7ONvWYwlefg", "user": 1, "criterion": 13, "option": 2, "value": 5}}, {"model": "core.score", "pk": 102, "fields": {"created": "2016-06-24T12:28:43.258Z", "modified": "2016-06-24T12:28:43.258Z", "uuid": "jH0uss_VR9a3BC0uVZ5hHg", "user": 1, "criterion": 7, "option": 2, "value": 5}}, {"model": "core.score", "pk": 103, "fields": {"created": "2016-06-24T18:26:18.850Z", "modified": "2016-06-24T18:26:18.851Z", "uuid": "ztW1Lh_CR26wHV7w0VbPrw", "user": 1, "criterion": 7, "option": 4, "value": 1}}, {"model": "core.score", "pk": 104, "fields": {"created": "2016-06-24T18:26:19.066Z", "modified": "2016-06-24T18:26:19.066Z", "uuid": "rt_obIJ9QiOe5dp-Lw-jcw", "user": 1, "criterion": 8, "option": 4, "value": 1}}, {"model": "core.score", "pk": 105, "fields": {"created": "2016-06-24T18:26:19.260Z", "modified": "2016-06-24T18:26:19.260Z", "uuid": "5QRh2OhqS1OCi6ilC4pHfA", "user": 1, "criterion": 9, "option": 4, "value": 1}}, {"model": "core.score", "pk": 106, "fields": {"created": "2016-06-24T18:26:19.449Z", "modified": "2016-06-24T18:26:19.449Z", "uuid": "6rIxSJk8RrqBtRc2e_bUeA", "user": 1, "criterion": 22, "option": 4, "value": 1}}, {"model": "core.score", "pk": 107, "fields": {"created": "2016-06-24T18:26:19.651Z", "modified": "2016-06-24T18:26:19.651Z", "uuid": "1Jf95nEkQGakq2oXIECjRQ", "user": 1, "criterion": 23, "option": 4, "value": 1}}, {"model": "core.score", "pk": 109, "fields": {"created": "2016-06-24T18:26:20.018Z", "modified": "2016-06-24T18:26:20.018Z", "uuid": "sN8_0muXSmqtsgHnHovzXw", "user": 1, "criterion": 10, "option": 4, "value": 1}}, {"model": "core.score", "pk": 110, "fields": {"created": "2016-06-24T18:26:20.219Z", "modified": "2016-06-24T18:26:20.219Z", "uuid": "2K2-RbKdTMqxbxzEXTC8Fg", "user": 1, "criterion": 11, "option": 4, "value": 1}}, {"model": "core.score", "pk": 111, "fields": {"created": "2016-06-24T18:26:20.404Z", "modified": "2016-06-24T18:26:20.404Z", "uuid": "JqRZ8Bu0TsyZISV_w06OKg", "user": 1, "criterion": 21, "option": 4, "value": 1}}, {"model": "core.score", "pk": 112, "fields": {"created": "2016-06-24T18:26:20.594Z", "modified": "2016-06-24T18:26:20.594Z", "uuid": "B7DQsbLgSJK6GunZpcLwyA", "user": 1, "criterion": 20, "option": 4, "value": 1}}, {"model": "core.score", "pk": 113, "fields": {"created": "2016-06-24T18:26:20.778Z", "modified": "2016-06-24T18:26:20.778Z", "uuid": "R311jfcvSl2Xy3obmdGyrg", "user": 1, "criterion": 17, "option": 4, "value": 1}}, {"model": "core.score", "pk": 114, "fields": {"created": "2016-06-24T18:26:20.972Z", "modified": "2016-06-24T18:26:20.972Z", "uuid": "uCmFfKjRSz6Te_CylxiPCw", "user": 1, "criterion": 18, "option": 4, "value": 1}}, {"model": "core.score", "pk": 115, "fields": {"created": "2016-06-24T18:26:21.155Z", "modified": "2016-06-24T18:26:21.155Z", "uuid": "6CsmbGeaQvaLkTdagaJRBw", "user": 1, "criterion": 19, "option": 4, "value": 1}}, {"model": "core.score", "pk": 116, "fields": {"created": "2016-06-24T18:26:21.340Z", "modified": "2016-06-24T18:26:21.340Z", "uuid": "FcoUT1IoQsWUo24LfkI2bw", "user": 1, "criterion": 34, "option": 4, "value": 1}}, {"model": "core.score", "pk": 117, "fields": {"created": "2016-06-24T18:26:21.514Z", "modified": "2016-06-24T18:26:21.514Z", "uuid": "tGTBkSV-ShinEUthL3MNCw", "user": 1, "criterion": 36, "option": 4, "value": 1}}, {"model": "core.score", "pk": 118, "fields": {"created": "2016-06-24T18:26:21.691Z", "modified": "2016-06-24T18:26:21.691Z", "uuid": "-KlIzavvS9yNwBQlFbDq1Q", "user": 1, "criterion": 35, "option": 4, "value": 1}}, {"model": "core.score", "pk": 119, "fields": {"created": "2016-06-24T18:26:21.876Z", "modified": "2016-06-24T18:26:21.876Z", "uuid": "4NggoDD8SNWt9hN_IXSXJQ", "user": 1, "criterion": 37, "option": 4, "value": 1}}, {"model": "core.score", "pk": 120, "fields": {"created": "2016-06-24T18:26:22.059Z", "modified": "2016-06-24T18:26:22.059Z", "uuid": "BuXdUshGTKGxkUjni0fVow", "user": 1, "criterion": 31, "option": 4, "value": 1}}, {"model": "core.score", "pk": 121, "fields": {"created": "2016-06-24T18:26:22.291Z", "modified": "2016-06-24T18:26:22.291Z", "uuid": "Yg3cum2lTkuk4td5_Hv_jw", "user": 1, "criterion": 33, "option": 4, "value": 1}}, {"model": "core.score", "pk": 122, "fields": {"created": "2016-06-24T18:26:22.467Z", "modified": "2016-06-24T18:26:22.467Z", "uuid": "jAaq1UVURDiGDMkMOnarVw", "user": 1, "criterion": 30, "option": 4, "value": 1}}, {"model": "core.score", "pk": 123, "fields": {"created": "2016-06-24T18:26:22.658Z", "modified": "2016-06-24T18:26:22.658Z", "uuid": "RYVrcSm1TYKFZAIX4DimOw", "user": 1, "criterion": 32, "option": 4, "value": 1}}, {"model": "core.score", "pk": 124, "fields": {"created": "2016-06-24T18:26:22.819Z", "modified": "2016-06-24T18:26:22.819Z", "uuid": "wRwU8WeuTpq0Ta7t33uoZw", "user": 1, "criterion": 29, "option": 4, "value": 1}}, {"model": "core.score", "pk": 125, "fields": {"created": "2016-06-24T18:26:23.010Z", "modified": "2016-06-24T18:26:23.010Z", "uuid": "fstzRcp0RM2OQOIFChigyg", "user": 1, "criterion": 26, "option": 4, "value": 1}}, {"model": "core.score", "pk": 126, "fields": {"created": "2016-06-24T18:26:23.188Z", "modified": "2016-06-24T18:26:23.188Z", "uuid": "LSE0mta6R0yfd9o1aMCAug", "user": 1, "criterion": 25, "option": 4, "value": 1}}, {"model": "core.score", "pk": 127, "fields": {"created": "2016-06-24T18:26:23.403Z", "modified": "2016-06-24T18:26:23.403Z", "uuid": "J-Gt-uK7Qj2x9CHGR6OQ6w", "user": 1, "criterion": 28, "option": 4, "value": 1}}, {"model": "core.score", "pk": 128, "fields": {"created": "2016-06-24T18:26:23.586Z", "modified": "2016-06-24T18:26:23.586Z", "uuid": "HdFVOWJ_REeuxnQIDSzytA", "user": 1, "criterion": 27, "option": 4, "value": 1}}, {"model": "core.score", "pk": 129, "fields": {"created": "2016-06-24T18:26:23.779Z", "modified": "2016-06-24T18:26:23.779Z", "uuid": "CWeUj5rVQT2j6KQ-cTES2w", "user": 1, "criterion": 39, "option": 4, "value": 1}}, {"model": "core.score", "pk": 130, "fields": {"created": "2016-06-24T18:26:23.955Z", "modified": "2016-06-24T18:26:23.955Z", "uuid": "eYIJk3DERhmdS_4lA31x8g", "user": 1, "criterion": 40, "option": 4, "value": 1}}, {"model": "core.score", "pk": 131, "fields": {"created": "2016-06-24T18:26:24.138Z", "modified": "2016-06-24T18:26:24.138Z", "uuid": "r_dkwGKaQDmsmETAxCY4uw", "user": 1, "criterion": 42, "option": 4, "value": 1}}, {"model": "core.score", "pk": 132, "fields": {"created": "2016-06-24T18:26:24.323Z", "modified": "2016-06-24T18:26:24.323Z", "uuid": "yKlCGcAbSM2SMB8FsobOYw", "user": 1, "criterion": 38, "option": 4, "value": 1}}, {"model": "core.score", "pk": 133, "fields": {"created": "2016-06-24T18:26:24.490Z", "modified": "2016-06-24T18:26:24.490Z", "uuid": "vZg8PNOSTqSRcjRgL8Vg8g", "user": 1, "criterion": 41, "option": 4, "value": 1}}, {"model": "core.score", "pk": 134, "fields": {"created": "2016-06-24T18:26:24.707Z", "modified": "2016-06-24T18:26:24.707Z", "uuid": "7aGnju6uQxiJi3QkUzxcDQ", "user": 1, "criterion": 16, "option": 4, "value": 1}}, {"model": "core.score", "pk": 135, "fields": {"created": "2016-06-24T18:26:24.899Z", "modified": "2016-06-24T18:26:24.899Z", "uuid": "35ZMNQ-2TACP-qUp0FWtog", "user": 1, "criterion": 14, "option": 4, "value": 1}}, {"model": "core.score", "pk": 136, "fields": {"created": "2016-06-24T18:26:25.074Z", "modified": "2016-06-24T18:26:25.074Z", "uuid": "n-M5M7AnSTmIWxMC0SUszQ", "user": 1, "criterion": 12, "option": 4, "value": 1}}, {"model": "core.score", "pk": 137, "fields": {"created": "2016-06-24T18:26:25.268Z", "modified": "2016-06-24T18:26:25.268Z", "uuid": "-k0yTligTwOA0XiuqkqQxA", "user": 1, "criterion": 15, "option": 4, "value": 1}}, {"model": "core.score", "pk": 138, "fields": {"created": "2016-06-24T18:26:26.035Z", "modified": "2016-06-24T18:26:26.035Z", "uuid": "7MQW5Y9wT5SxdtlmDDbB5g", "user": 1, "criterion": 13, "option": 4, "value": 1}}, {"model": "core.score", "pk": 142, "fields": {"created": "2016-06-24T18:26:35.755Z", "modified": "2016-06-24T18:26:35.755Z", "uuid": "j5XOxyFHTaaVKovCT1pDHg", "user": 1, "criterion": 22, "option": 5, "value": 1}}, {"model": "core.score", "pk": 143, "fields": {"created": "2016-06-24T18:26:35.954Z", "modified": "2016-06-24T18:26:35.954Z", "uuid": "pdw_2wXMTsivVuDR55QZqA", "user": 1, "criterion": 23, "option": 5, "value": 1}}, {"model": "core.score", "pk": 145, "fields": {"created": "2016-06-24T18:26:36.290Z", "modified": "2016-06-24T18:26:36.290Z", "uuid": "akOFa3L5RI2K_6u3v4rkwg", "user": 1, "criterion": 10, "option": 5, "value": 1}}, {"model": "core.score", "pk": 146, "fields": {"created": "2016-06-24T18:26:36.458Z", "modified": "2016-06-24T18:26:36.458Z", "uuid": "P0mD6FieTGaMMcI_oIM5ZQ", "user": 1, "criterion": 11, "option": 5, "value": 1}}, {"model": "core.score", "pk": 147, "fields": {"created": "2016-06-24T18:26:36.619Z", "modified": "2016-06-24T18:26:36.619Z", "uuid": "hFmCOugRQ4uuguot_OtMxQ", "user": 1, "criterion": 21, "option": 5, "value": 1}}, {"model": "core.score", "pk": 148, "fields": {"created": "2016-06-24T18:26:36.794Z", "modified": "2016-06-24T18:26:36.794Z", "uuid": "sN6_XEb5ShqI7qY3gbke-g", "user": 1, "criterion": 20, "option": 5, "value": 1}}, {"model": "core.score", "pk": 149, "fields": {"created": "2016-06-24T18:26:36.954Z", "modified": "2016-06-24T18:26:36.954Z", "uuid": "wBM1UT9hQreH7FsodYvTOQ", "user": 1, "criterion": 17, "option": 5, "value": 1}}, {"model": "core.score", "pk": 150, "fields": {"created": "2016-06-24T18:26:37.116Z", "modified": "2016-06-24T18:26:37.116Z", "uuid": "YwNfXL1FTPyg2PG6eh2fyA", "user": 1, "criterion": 18, "option": 5, "value": 1}}, {"model": "core.score", "pk": 151, "fields": {"created": "2016-06-24T18:26:37.322Z", "modified": "2016-06-24T18:26:37.322Z", "uuid": "cE1F7tceTY6JOMRyUMdW_A", "user": 1, "criterion": 19, "option": 5, "value": 1}}, {"model": "core.score", "pk": 152, "fields": {"created": "2016-06-24T18:26:37.521Z", "modified": "2016-06-24T18:26:37.521Z", "uuid": "1zmxlFlYTV2FId5ydlWAvg", "user": 1, "criterion": 34, "option": 5, "value": 1}}, {"model": "core.score", "pk": 153, "fields": {"created": "2016-06-24T18:26:38.564Z", "modified": "2016-06-24T18:26:40.760Z", "uuid": "QeLnOa9RQ0m_-3q-45-Hpw", "user": 1, "criterion": 36, "option": 5, "value": 1}}, {"model": "core.score", "pk": 154, "fields": {"created": "2016-06-24T18:26:39.200Z", "modified": "2016-06-24T18:26:39.713Z", "uuid": "DOPvY6L6TROZrBV3Bxe1lg", "user": 1, "criterion": 35, "option": 5, "value": 1}}, {"model": "core.score", "pk": 155, "fields": {"created": "2016-06-24T18:26:42.561Z", "modified": "2016-06-24T18:26:42.561Z", "uuid": "SiQMv1ZhS9CqUfG2lmyC2w", "user": 1, "criterion": 37, "option": 5, "value": 1}}, {"model": "core.score", "pk": 156, "fields": {"created": "2016-06-24T18:26:42.835Z", "modified": "2016-06-24T18:26:42.835Z", "uuid": "oVWXFH4FQESi2i4xzgxFvg", "user": 1, "criterion": 31, "option": 5, "value": 1}}, {"model": "core.score", "pk": 157, "fields": {"created": "2016-06-24T18:26:43.098Z", "modified": "2016-06-24T18:26:43.098Z", "uuid": "ocjWmJdnQFGmbH7Q__z4ZQ", "user": 1, "criterion": 33, "option": 5, "value": 1}}, {"model": "core.score", "pk": 158, "fields": {"created": "2016-06-24T18:26:43.516Z", "modified": "2016-06-24T18:26:43.516Z", "uuid": "Cv02Zxd5THa7WwCSvInXwQ", "user": 1, "criterion": 30, "option": 5, "value": 1}}, {"model": "core.score", "pk": 159, "fields": {"created": "2016-06-24T18:26:47.346Z", "modified": "2016-06-24T18:26:47.346Z", "uuid": "K33zPRclQ6OrudpDUWBInQ", "user": 1, "criterion": 32, "option": 5, "value": 1}}, {"model": "core.score", "pk": 160, "fields": {"created": "2016-06-24T18:26:47.612Z", "modified": "2016-06-24T18:26:47.612Z", "uuid": "IK4c5RHAQXmse1ix6cLnuQ", "user": 1, "criterion": 29, "option": 5, "value": 1}}, {"model": "core.score", "pk": 161, "fields": {"created": "2016-06-24T18:26:47.910Z", "modified": "2016-06-24T18:26:47.910Z", "uuid": "ViBQRY9jTZmywmhl5lg0Vw", "user": 1, "criterion": 26, "option": 5, "value": 1}}, {"model": "core.score", "pk": 162, "fields": {"created": "2016-06-24T18:26:49.102Z", "modified": "2016-06-24T18:26:49.102Z", "uuid": "XwPQWhJsQzmtzp6f1gJkoQ", "user": 1, "criterion": 25, "option": 5, "value": 1}}, {"model": "core.score", "pk": 163, "fields": {"created": "2016-06-24T18:26:49.547Z", "modified": "2016-06-24T18:26:49.547Z", "uuid": "kExZ67ZIQRK7W_efyuLPhg", "user": 1, "criterion": 28, "option": 5, "value": 1}}, {"model": "core.score", "pk": 164, "fields": {"created": "2016-06-24T18:26:50.571Z", "modified": "2016-06-24T18:26:50.572Z", "uuid": "92k3pl9WSyuXZsDgleXDaQ", "user": 1, "criterion": 27, "option": 5, "value": 1}}, {"model": "core.score", "pk": 165, "fields": {"created": "2016-06-24T18:26:50.754Z", "modified": "2016-06-24T18:26:50.754Z", "uuid": "w_yNxHNbS32I4Jy-nDibqw", "user": 1, "criterion": 39, "option": 5, "value": 1}}, {"model": "core.score", "pk": 166, "fields": {"created": "2016-06-24T18:26:50.938Z", "modified": "2016-06-24T18:26:50.938Z", "uuid": "6xKaMS0NTK6f-ehIDV7DWA", "user": 1, "criterion": 40, "option": 5, "value": 1}}, {"model": "core.score", "pk": 167, "fields": {"created": "2016-06-24T18:26:51.114Z", "modified": "2016-06-24T18:26:51.114Z", "uuid": "Pmd5XK2QQSeJicCoFnE4GQ", "user": 1, "criterion": 42, "option": 5, "value": 1}}, {"model": "core.score", "pk": 168, "fields": {"created": "2016-06-24T18:26:51.307Z", "modified": "2016-06-24T18:26:51.307Z", "uuid": "R7m10C17R7qnaEPM5gRSLA", "user": 1, "criterion": 38, "option": 5, "value": 1}}, {"model": "core.score", "pk": 169, "fields": {"created": "2016-06-24T18:26:52.496Z", "modified": "2016-06-24T18:26:54.177Z", "uuid": "IlkJbvlkT1mCxYRepaNIyg", "user": 1, "criterion": 41, "option": 5, "value": 1}}, {"model": "core.score", "pk": 170, "fields": {"created": "2016-06-24T18:26:54.811Z", "modified": "2016-06-24T18:26:54.811Z", "uuid": "AnszOMFWQp6vXwzLoZaoCg", "user": 1, "criterion": 16, "option": 5, "value": 1}}, {"model": "core.score", "pk": 171, "fields": {"created": "2016-06-24T18:26:55.067Z", "modified": "2016-06-24T18:26:55.067Z", "uuid": "d_kOZO9BQVm17KgxauBt3Q", "user": 1, "criterion": 14, "option": 5, "value": 1}}, {"model": "core.score", "pk": 172, "fields": {"created": "2016-06-24T18:26:55.362Z", "modified": "2016-06-24T18:26:55.362Z", "uuid": "0yu8A2dPRjSJ3lkIIz8gHw", "user": 1, "criterion": 12, "option": 5, "value": 1}}, {"model": "core.score", "pk": 173, "fields": {"created": "2016-06-24T18:26:56.380Z", "modified": "2016-06-24T18:26:56.680Z", "uuid": "E8AX9AAZTRyST7ucZH8kKA", "user": 1, "criterion": 15, "option": 5, "value": 1}}, {"model": "core.score", "pk": 174, "fields": {"created": "2016-06-24T18:26:58.482Z", "modified": "2016-06-24T18:26:58.482Z", "uuid": "q23chr03Q0qENgfmgGNFhw", "user": 1, "criterion": 13, "option": 5, "value": 1}}, {"model": "core.score", "pk": 175, "fields": {"created": "2016-06-24T18:30:59.004Z", "modified": "2016-06-24T18:30:59.004Z", "uuid": "nszSLebtTEyQGa8HeefuTw", "user": 1, "criterion": 7, "option": 5, "value": 2}}, {"model": "core.score", "pk": 176, "fields": {"created": "2016-06-24T18:30:59.207Z", "modified": "2016-06-24T18:30:59.207Z", "uuid": "jk34gg3RQL-BsD2INnHMqA", "user": 1, "criterion": 8, "option": 5, "value": 2}}, {"model": "core.score", "pk": 177, "fields": {"created": "2016-06-24T18:30:59.979Z", "modified": "2016-06-24T18:30:59.979Z", "uuid": "09T22odkTu2UpB4thzobFA", "user": 1, "criterion": 9, "option": 5, "value": 2}}, {"model": "core.score", "pk": 178, "fields": {"created": "2016-06-24T19:00:45.360Z", "modified": "2016-06-26T00:28:20.946Z", "uuid": "6qKavSBVRvSjVTmwwjf2xg", "user": 2, "criterion": 7, "option": 1, "value": 2}}, {"model": "core.score", "pk": 179, "fields": {"created": "2016-06-24T19:00:45.557Z", "modified": "2016-06-26T00:28:21.562Z", "uuid": "Wb1aUNQiTJCTdO3A2Fzygg", "user": 2, "criterion": 8, "option": 1, "value": 2}}, {"model": "core.score", "pk": 180, "fields": {"created": "2016-06-24T19:00:45.779Z", "modified": "2016-06-24T19:00:45.779Z", "uuid": "SJM2e4CkTTqY_B97gYHrHA", "user": 2, "criterion": 9, "option": 1, "value": 2}}, {"model": "core.score", "pk": 181, "fields": {"created": "2016-06-24T19:00:45.979Z", "modified": "2016-06-26T00:28:35.145Z", "uuid": "KDCLEYiTRnS6VBFAuQINrA", "user": 2, "criterion": 22, "option": 1, "value": 2}}, {"model": "core.score", "pk": 182, "fields": {"created": "2016-06-24T19:00:46.164Z", "modified": "2016-06-24T19:00:46.164Z", "uuid": "xeCvTt5YSGaUWYuYgb73bg", "user": 2, "criterion": 23, "option": 1, "value": 2}}, {"model": "core.score", "pk": 184, "fields": {"created": "2016-06-24T19:00:46.612Z", "modified": "2016-06-26T00:27:30.123Z", "uuid": "77AC79GuS-C4UKxlcNKRgw", "user": 2, "criterion": 10, "option": 1, "value": 1}}, {"model": "core.score", "pk": 185, "fields": {"created": "2016-06-24T19:00:46.827Z", "modified": "2016-06-24T19:00:46.827Z", "uuid": "tXQCmCmCTQ-feLFtR_WsXQ", "user": 2, "criterion": 11, "option": 1, "value": 3}}, {"model": "core.score", "pk": 186, "fields": {"created": "2016-06-24T19:00:47.052Z", "modified": "2016-06-26T00:28:33.412Z", "uuid": "XmzouD-uRtOgfWxuQ4vxAg", "user": 2, "criterion": 21, "option": 1, "value": 4}}, {"model": "core.score", "pk": 187, "fields": {"created": "2016-06-24T19:00:47.236Z", "modified": "2016-06-26T00:28:30.930Z", "uuid": "c10ekPV7RmSsvoJRc4QOww", "user": 2, "criterion": 20, "option": 1, "value": 4}}, {"model": "core.score", "pk": 188, "fields": {"created": "2016-06-24T19:00:47.427Z", "modified": "2016-06-26T00:28:30.377Z", "uuid": "EEDSRvp-RdaMGTfFXzVSWA", "user": 2, "criterion": 17, "option": 1, "value": 4}}, {"model": "core.score", "pk": 189, "fields": {"created": "2016-06-24T19:00:47.643Z", "modified": "2016-06-26T00:28:30.554Z", "uuid": "VtjC_7O4RhC2nyIBhiOGBA", "user": 2, "criterion": 18, "option": 1, "value": 4}}, {"model": "core.score", "pk": 190, "fields": {"created": "2016-06-24T19:00:47.852Z", "modified": "2016-06-24T19:00:47.852Z", "uuid": "_gWHugpRT0aZJbapNuXc6Q", "user": 2, "criterion": 19, "option": 1, "value": 4}}, {"model": "core.score", "pk": 191, "fields": {"created": "2016-06-24T19:00:48.121Z", "modified": "2016-06-26T00:28:35.689Z", "uuid": "kadvH-4eQOmbCuumhIEjFA", "user": 2, "criterion": 34, "option": 1, "value": 2}}, {"model": "core.score", "pk": 192, "fields": {"created": "2016-06-24T19:00:48.354Z", "modified": "2016-06-24T19:00:48.354Z", "uuid": "fw4xLTvsSQ6NZ2Tp0kg08w", "user": 2, "criterion": 36, "option": 1, "value": 2}}, {"model": "core.score", "pk": 193, "fields": {"created": "2016-06-24T19:00:48.538Z", "modified": "2016-06-26T00:28:35.914Z", "uuid": "0KCXX7BOSvWANiZcHShaug", "user": 2, "criterion": 35, "option": 1, "value": 2}}, {"model": "core.score", "pk": 194, "fields": {"created": "2016-06-24T19:00:48.748Z", "modified": "2016-06-24T19:00:48.748Z", "uuid": "3f_ya7-YRvusyFZNlOchZA", "user": 2, "criterion": 37, "option": 1, "value": 2}}, {"model": "core.score", "pk": 195, "fields": {"created": "2016-06-24T19:00:49.096Z", "modified": "2016-06-26T00:27:11.066Z", "uuid": "yWsNl4TrSTyLep0Q_coj8w", "user": 2, "criterion": 31, "option": 1, "value": 4}}, {"model": "core.score", "pk": 196, "fields": {"created": "2016-06-24T19:00:49.291Z", "modified": "2016-06-24T19:00:49.291Z", "uuid": "hIVnJjLBSVyJj3SS-_qHqw", "user": 2, "criterion": 33, "option": 1, "value": 4}}, {"model": "core.score", "pk": 197, "fields": {"created": "2016-06-24T19:00:49.539Z", "modified": "2016-06-24T19:00:49.539Z", "uuid": "qaCa5BqjTZK6j5cCOXzKXQ", "user": 2, "criterion": 30, "option": 1, "value": 3}}, {"model": "core.score", "pk": 198, "fields": {"created": "2016-06-24T19:00:49.770Z", "modified": "2016-06-26T00:27:11.314Z", "uuid": "az7zxrEPRCetBkrR4Ik6KQ", "user": 2, "criterion": 32, "option": 1, "value": 3}}, {"model": "core.score", "pk": 199, "fields": {"created": "2016-06-24T19:00:49.954Z", "modified": "2016-06-26T00:27:10.568Z", "uuid": "b0nzijoLQR2lxpbB5z8Ehw", "user": 2, "criterion": 29, "option": 1, "value": 4}}, {"model": "core.score", "pk": 200, "fields": {"created": "2016-06-24T19:00:50.164Z", "modified": "2016-06-26T00:27:09.535Z", "uuid": "LIpPkI9eR3iJHYabcfk54w", "user": 2, "criterion": 26, "option": 1, "value": 4}}, {"model": "core.score", "pk": 201, "fields": {"created": "2016-06-24T19:00:50.464Z", "modified": "2016-06-26T00:27:09.834Z", "uuid": "RCdlgYTATb6f-B0p7weoDg", "user": 2, "criterion": 25, "option": 1, "value": 3}}, {"model": "core.score", "pk": 202, "fields": {"created": "2016-06-24T19:00:51.517Z", "modified": "2016-06-24T19:00:51.517Z", "uuid": "3iZbdTMsSxiLaXcGtfeZhw", "user": 2, "criterion": 28, "option": 1, "value": 3}}, {"model": "core.score", "pk": 203, "fields": {"created": "2016-06-24T19:00:51.722Z", "modified": "2016-06-26T00:27:10.073Z", "uuid": "xyhSK3vaSu2FgcgFBuSy5w", "user": 2, "criterion": 27, "option": 1, "value": 4}}, {"model": "core.score", "pk": 204, "fields": {"created": "2016-06-24T19:00:51.925Z", "modified": "2016-06-26T00:27:48.513Z", "uuid": "uXFVpPaUTzO2MQBtB9rP7w", "user": 2, "criterion": 39, "option": 1, "value": 4}}, {"model": "core.score", "pk": 205, "fields": {"created": "2016-06-24T19:00:52.108Z", "modified": "2016-06-26T00:27:48.777Z", "uuid": "uzN0Hq4rQlSR508ztM1IeQ", "user": 2, "criterion": 40, "option": 1, "value": 3}}, {"model": "core.score", "pk": 206, "fields": {"created": "2016-06-24T19:00:52.315Z", "modified": "2016-06-24T19:00:52.315Z", "uuid": "RYzPiFAaRxylbrt5LSZN-g", "user": 2, "criterion": 42, "option": 1, "value": 3}}, {"model": "core.score", "pk": 207, "fields": {"created": "2016-06-24T19:00:52.516Z", "modified": "2016-06-26T00:27:39.661Z", "uuid": "cYJ5oGN5QFyaF40RdnZ_UA", "user": 2, "criterion": 38, "option": 1, "value": 5}}, {"model": "core.score", "pk": 208, "fields": {"created": "2016-06-24T19:00:52.779Z", "modified": "2016-06-26T00:27:49.002Z", "uuid": "Shusb56ZRqC1SIMhCfDLYg", "user": 2, "criterion": 41, "option": 1, "value": 4}}, {"model": "core.score", "pk": 209, "fields": {"created": "2016-06-24T19:00:52.994Z", "modified": "2016-06-26T00:28:09.251Z", "uuid": "_-9KGKRdROSIpTLZgkdRdQ", "user": 2, "criterion": 16, "option": 1, "value": 1}}, {"model": "core.score", "pk": 210, "fields": {"created": "2016-06-24T19:00:53.181Z", "modified": "2016-06-24T19:00:53.181Z", "uuid": "aPkiNKRlTt2_xfy-DgIMyQ", "user": 2, "criterion": 14, "option": 1, "value": 1}}, {"model": "core.score", "pk": 211, "fields": {"created": "2016-06-24T19:00:53.379Z", "modified": "2016-06-26T00:28:06.369Z", "uuid": "yQnp9oKNTi20IPiOJvfGpw", "user": 2, "criterion": 12, "option": 1, "value": 1}}, {"model": "core.score", "pk": 212, "fields": {"created": "2016-06-24T19:00:53.620Z", "modified": "2016-06-26T00:28:08.064Z", "uuid": "vBelGZZ1Q-ysoQydwdf6pA", "user": 2, "criterion": 15, "option": 1, "value": 2}}, {"model": "core.score", "pk": 213, "fields": {"created": "2016-06-24T19:00:55.331Z", "modified": "2016-06-26T00:28:06.665Z", "uuid": "xXlB3hy-SJqH84rvHVD9LA", "user": 2, "criterion": 13, "option": 1, "value": 2}}, {"model": "core.score", "pk": 250, "fields": {"created": "2016-06-24T19:03:38.159Z", "modified": "2016-06-24T23:38:28.281Z", "uuid": "RIZX8qYqR7qrpT48Qhz31A", "user": 2, "criterion": 8, "option": 2, "value": 1}}, {"model": "core.score", "pk": 251, "fields": {"created": "2016-06-24T19:03:40.810Z", "modified": "2016-06-24T19:03:40.810Z", "uuid": "ZsN0D1znQ4ezXP8FtnXkSA", "user": 2, "criterion": 7, "option": 2, "value": 0}}, {"model": "core.score", "pk": 252, "fields": {"created": "2016-06-24T19:03:41.148Z", "modified": "2016-06-24T23:38:28.474Z", "uuid": "_gOIpsYTQMOdB9sGMduR2A", "user": 2, "criterion": 9, "option": 2, "value": 2}}, {"model": "core.score", "pk": 253, "fields": {"created": "2016-06-24T19:03:41.330Z", "modified": "2016-06-24T23:38:28.720Z", "uuid": "99xyFv6lR9O9K17EL3mMxw", "user": 2, "criterion": 22, "option": 2, "value": 2}}, {"model": "core.score", "pk": 254, "fields": {"created": "2016-06-24T19:03:41.548Z", "modified": "2016-06-24T23:38:28.914Z", "uuid": "uFuxmyd5TI629qFTH8FJPQ", "user": 2, "criterion": 23, "option": 2, "value": 1}}, {"model": "core.score", "pk": 256, "fields": {"created": "2016-06-24T19:03:41.939Z", "modified": "2016-06-24T23:38:29.274Z", "uuid": "BTRPUjIiSh2MvnDnsXdQIg", "user": 2, "criterion": 10, "option": 2, "value": 1}}, {"model": "core.score", "pk": 257, "fields": {"created": "2016-06-24T19:03:42.132Z", "modified": "2016-06-24T23:38:29.483Z", "uuid": "Xpshi09HQJu1Ievuo9RhUA", "user": 2, "criterion": 11, "option": 2, "value": 2}}, {"model": "core.score", "pk": 258, "fields": {"created": "2016-06-24T19:03:42.331Z", "modified": "2016-06-24T23:38:29.698Z", "uuid": "azODzFF5SzemN4z5JJWwhQ", "user": 2, "criterion": 21, "option": 2, "value": 1}}, {"model": "core.score", "pk": 259, "fields": {"created": "2016-06-24T19:03:42.539Z", "modified": "2016-06-24T23:38:29.898Z", "uuid": "zxVwFiowThCo-1A7US1iBg", "user": 2, "criterion": 20, "option": 2, "value": 2}}, {"model": "core.score", "pk": 260, "fields": {"created": "2016-06-24T19:03:42.756Z", "modified": "2016-06-24T23:38:30.090Z", "uuid": "eW6SC1zZQkebv99_4lB0MA", "user": 2, "criterion": 17, "option": 2, "value": 1}}, {"model": "core.score", "pk": 261, "fields": {"created": "2016-06-24T19:03:42.955Z", "modified": "2016-06-24T23:38:30.258Z", "uuid": "p25i-tUAS5iFKsWuohsm3Q", "user": 2, "criterion": 18, "option": 2, "value": 2}}, {"model": "core.score", "pk": 262, "fields": {"created": "2016-06-24T19:03:43.164Z", "modified": "2016-06-24T23:38:30.434Z", "uuid": "npXG0itwQgi0ZhYudCCx2A", "user": 2, "criterion": 19, "option": 2, "value": 1}}, {"model": "core.score", "pk": 263, "fields": {"created": "2016-06-24T19:03:43.348Z", "modified": "2016-06-24T23:38:30.623Z", "uuid": "qk7rmCGeROi_6LPniG2NPw", "user": 2, "criterion": 34, "option": 2, "value": 2}}, {"model": "core.score", "pk": 264, "fields": {"created": "2016-06-24T19:03:43.556Z", "modified": "2016-06-24T23:38:30.792Z", "uuid": "Hz-dbQSoQwuyuJ85UcR9aw", "user": 2, "criterion": 36, "option": 2, "value": 1}}, {"model": "core.score", "pk": 265, "fields": {"created": "2016-06-24T19:03:43.731Z", "modified": "2016-06-24T23:38:30.969Z", "uuid": "o8G4A3JkS6KvAAK7do-MXQ", "user": 2, "criterion": 35, "option": 2, "value": 2}}, {"model": "core.score", "pk": 266, "fields": {"created": "2016-06-24T19:03:44.026Z", "modified": "2016-06-24T23:38:31.138Z", "uuid": "_wy0baiGSSO7IegR7odW2A", "user": 2, "criterion": 37, "option": 2, "value": 1}}, {"model": "core.score", "pk": 267, "fields": {"created": "2016-06-24T19:03:44.268Z", "modified": "2016-06-24T23:38:31.300Z", "uuid": "9VYl0vEATOelLBzU_9wF1w", "user": 2, "criterion": 31, "option": 2, "value": 2}}, {"model": "core.score", "pk": 268, "fields": {"created": "2016-06-24T19:03:44.474Z", "modified": "2016-06-24T19:03:44.474Z", "uuid": "La1YvZqkR3qshwN7VBd0Ow", "user": 2, "criterion": 33, "option": 2, "value": 0}}, {"model": "core.score", "pk": 269, "fields": {"created": "2016-06-24T19:03:44.668Z", "modified": "2016-06-24T23:38:31.625Z", "uuid": "2J99kgDtQI6EK1Ib4wZAcg", "user": 2, "criterion": 30, "option": 2, "value": 1}}, {"model": "core.score", "pk": 270, "fields": {"created": "2016-06-24T19:03:44.883Z", "modified": "2016-06-24T23:38:31.792Z", "uuid": "ylSHlVPaR-Wl0q2e0ickAQ", "user": 2, "criterion": 32, "option": 2, "value": 2}}, {"model": "core.score", "pk": 271, "fields": {"created": "2016-06-24T19:03:45.106Z", "modified": "2016-06-24T23:38:31.976Z", "uuid": "f8_hqLLNR3S_W-5T7AH0ng", "user": 2, "criterion": 29, "option": 2, "value": 1}}, {"model": "core.score", "pk": 272, "fields": {"created": "2016-06-24T19:03:45.301Z", "modified": "2016-06-24T23:38:32.160Z", "uuid": "3tFh8RFCTsKvIcrsZFmkpw", "user": 2, "criterion": 26, "option": 2, "value": 2}}, {"model": "core.score", "pk": 273, "fields": {"created": "2016-06-24T19:03:45.524Z", "modified": "2016-06-24T23:38:32.328Z", "uuid": "BxYzagVEQTah9zfBdifaFA", "user": 2, "criterion": 25, "option": 2, "value": 1}}, {"model": "core.score", "pk": 274, "fields": {"created": "2016-06-24T19:03:45.724Z", "modified": "2016-06-24T23:38:32.531Z", "uuid": "o28UR0NlRKuAXN7SHttIDA", "user": 2, "criterion": 28, "option": 2, "value": 2}}, {"model": "core.score", "pk": 275, "fields": {"created": "2016-06-24T19:03:45.940Z", "modified": "2016-06-24T19:03:45.940Z", "uuid": "Z9lMwwevTLifLeCw_7oZXA", "user": 2, "criterion": 27, "option": 2, "value": 0}}, {"model": "core.score", "pk": 276, "fields": {"created": "2016-06-24T19:03:46.173Z", "modified": "2016-06-24T23:38:32.864Z", "uuid": "4Om_7ztESXO3HbishoGy4Q", "user": 2, "criterion": 39, "option": 2, "value": 1}}, {"model": "core.score", "pk": 277, "fields": {"created": "2016-06-24T19:03:46.405Z", "modified": "2016-06-24T23:38:33.041Z", "uuid": "oC0fOrBCQ9mwm46AmSdUEg", "user": 2, "criterion": 40, "option": 2, "value": 2}}, {"model": "core.score", "pk": 278, "fields": {"created": "2016-06-24T19:03:46.652Z", "modified": "2016-06-24T23:38:33.226Z", "uuid": "CuXKGICYSwu1Oqkzdb3Nuw", "user": 2, "criterion": 42, "option": 2, "value": 1}}, {"model": "core.score", "pk": 279, "fields": {"created": "2016-06-24T19:03:46.858Z", "modified": "2016-06-24T19:03:46.858Z", "uuid": "p9YAJsiiQ8-C-vpdt3f3PA", "user": 2, "criterion": 38, "option": 2, "value": 0}}, {"model": "core.score", "pk": 280, "fields": {"created": "2016-06-24T19:03:47.107Z", "modified": "2016-06-24T23:38:33.584Z", "uuid": "eOdFXLV0Tn290klIDL8Sjw", "user": 2, "criterion": 41, "option": 2, "value": 2}}, {"model": "core.score", "pk": 281, "fields": {"created": "2016-06-24T19:03:47.306Z", "modified": "2016-06-24T23:38:33.776Z", "uuid": "9B__hikgSaukajaJYpOJnw", "user": 2, "criterion": 16, "option": 2, "value": 1}}, {"model": "core.score", "pk": 282, "fields": {"created": "2016-06-24T19:03:47.556Z", "modified": "2016-06-24T23:38:34.083Z", "uuid": "400zVIzzSeuI5a1ZF7lbdQ", "user": 2, "criterion": 14, "option": 2, "value": 2}}, {"model": "core.score", "pk": 283, "fields": {"created": "2016-06-24T19:03:47.770Z", "modified": "2016-06-24T23:38:34.353Z", "uuid": "woF_Wq7pT2qFT5OzldGWQQ", "user": 2, "criterion": 12, "option": 2, "value": 1}}, {"model": "core.score", "pk": 284, "fields": {"created": "2016-06-24T19:03:48.026Z", "modified": "2016-06-24T23:38:34.559Z", "uuid": "exjoyqMOR56myzfdIZUtTw", "user": 2, "criterion": 15, "option": 2, "value": 2}}, {"model": "core.score", "pk": 285, "fields": {"created": "2016-06-24T19:03:48.580Z", "modified": "2016-06-24T19:03:48.580Z", "uuid": "uOj3uIh1TpyyzEyvdVFE_Q", "user": 2, "criterion": 13, "option": 2, "value": 0}}, {"model": "core.category", "pk": 6, "fields": {"created": "2016-06-23T23:05:16.153Z", "modified": "2016-06-25T23:07:49.655Z", "uuid": "eW7ic7fxSNWRI1jN-2_45g", "name": "Authorities", "order_num": 1}}, {"model": "core.category", "pk": 7, "fields": {"created": "2016-06-23T23:05:17.898Z", "modified": "2016-06-25T23:07:49.670Z", "uuid": "ix-KUXpPRy2Lyn0T2wlYNw", "name": "Utilities", "order_num": 3}}, {"model": "core.category", "pk": 8, "fields": {"created": "2016-06-23T23:05:23.265Z", "modified": "2016-06-25T23:07:49.676Z", "uuid": "5OTcHWhrSWOA-V4kEHGASw", "name": "Access", "order_num": 4}}, {"model": "core.category", "pk": 9, "fields": {"created": "2016-06-23T23:05:26.941Z", "modified": "2016-06-25T23:07:49.682Z", "uuid": "IiZIwNzQQYCTxZsXREddGA", "name": "Construction", "order_num": 5}}, {"model": "core.category", "pk": 10, "fields": {"created": "2016-06-23T23:05:32.371Z", "modified": "2016-06-25T23:07:49.689Z", "uuid": "UFZlwmdwQOWOp0GZj9eA-Q", "name": "Accessibility", "order_num": 6}}, {"model": "core.category", "pk": 11, "fields": {"created": "2016-06-23T23:05:36.929Z", "modified": "2016-06-25T23:07:49.647Z", "uuid": "P7ivEuQJTXmxb7LTC4TtPA", "name": "Land suitability", "order_num": 0}}, {"model": "core.category", "pk": 12, "fields": {"created": "2016-06-23T23:05:41.825Z", "modified": "2016-06-25T23:07:49.696Z", "uuid": "83tlgih4QWGe-0eP3HM8EQ", "name": "Future suitability", "order_num": 7}}, {"model": "core.category", "pk": 13, "fields": {"created": "2016-06-23T23:05:46.441Z", "modified": "2016-06-25T23:07:49.663Z", "uuid": "Tk3XuhcVT_q6FPkdxU0MIw", "name": "Maintenance", "order_num": 2}}, {"model": "core.category", "pk": 14, "fields": {"created": "2016-06-23T23:05:52.321Z", "modified": "2016-06-25T23:07:49.702Z", "uuid": "CDWy9ULDQpeT8dRU1Uj6qg", "name": "Emotional", "order_num": 8}}]